Location,Period,Kitchen,Dish_Name,Description,Portion_Size,Ingredients,Calories,Protein (g),Total Carbohydrates (g),Sugar (g),Total Fat (g),Saturated Fat (g),Cholesterol (mg),Dietary Fiber (g),Sodium (mg),Potassium (mg),Calcium (mg),Iron (mg),Trans Fat (g),Vitamin D (IU),Vitamin C (mg),Calories From Fat,Vitamin A (RE),Saturated Fat + Trans Fat (g),Allergens
Stetson_East,Breakfast,CUCINA,English Breakfast Baked Beans,Traditional tomato baked beans with maple and spices,1/2 cup,"Cannellini Beans (White Kidney Beans, Water, Salt, Calcium Chloride, Disodium Edta), Tomato puree (tomato puree, water, tomato paste, citric acid), Onions, Maple Syrup, Tomato paste (tomato paste, salt, citric acid), Canola Oil, Worcestershire Sauce with Anchovies, Garlic, Salt, Paprika (Paprika and Silicon Dioxide), Black Pepper, Thyme",180,8,29,7,4,0,0,6,380,560,70,2.4,0.0,0,6,35,5,0,"Garlic, Avoiding Gluten, Good Source of Protein, Mustard*, Tomato, Onion, Soy, Fish"
Stetson_East,Breakfast,CUCINA,Quinoa,,1/2 cup,"Quinoa, Water, Chicken Broth Concentrate",130,4,22,1,2.5,0,0,3,340,170,20,1.5,0.0,0,0,20,0,0,Poultry
Stetson_East,Breakfast,CUCINA,Meatless Vegetarian Sausage Patty,,1 each,Meatless Sausage,70,9,4,0.0,2.5,0,0,0.0,250,100,0,1.6,0,0,0,20,0,0,"Vegetarian, Gluten, Milk, Wheat, Good Source of Protein, Celery*, Mustard*, Onion, Soy, Egg, MSG*"
Stetson_East,Breakfast,CUCINA,Blistered Grape Tomatoes,Blistered Grape Tomatoes with Parsley and Thyme,1 ounce,"Tomatoes, Canola Oil, Salt, Fresh Ground Black Pepper, Parsley, Thyme",30,0,1,0.0,2.5,0,0,0,110,70,0,0.1,0,0,4,25,0.0,0,"Vegan, Vegetarian, Avoiding Gluten, Tomato"
Stetson_East,Breakfast,CUCINA,"Ham, Egg, Cheese Breakfast Pizza","Peppers, Bacon, Eggs, Ham and Cheese Pizza",1 slice,"Pizza Dough, Part Skim Mozzarella Cheese, Ham, Liquid Egg, Whole Milk, Bacon, Sharp Cheddar Cheese, Green Bell Peppers, Mushrooms, Onions, American Cheese, Butter, Canola Oil, All Purpose Flour, Salt, White Pepper",330,18,36,3,12,5,85,1,810,280,240,2.6,0.0,130,2,110,0,5,"Mushroom, Gluten, Milk, Wheat, Good Source of Protein, Beef*, Pork, Soy*, Onion, Egg, Sesame*"
Stetson_East,Breakfast,CUCINA,Cheese Pizza,"Traditional pie topped with Italian tomato sauce, mozzarella, and parmesan cheese.",1 slice,"Pizza Dough, Parmesan Cheese, Part Skim Mozzarella Cheese, Crushed tomatoes (unpeeled tomatoes, tomato puree, salt, citric acid), Chopped whole peeled tomatoes (tomatoes, tomato juice, salt, calcium chloride, citric acid), Canola Oil, Salt, Basil, Garlic, Black Pepper",200,10,18,2,10,4,20,0.0,640,140,230,1.3,0,15,3,90,0,5,"Garlic, Vegetarian, Egg*, Gluten, Milk, Wheat, Good Source of Protein, Soy*, Tomato, Sesame*"
Stetson_East,Breakfast,RICE STATION,White Rice,White Rice Cooked with Canola Oil and Salt,1/2 cup,"Water, Long Grain White Rice, Canola Oil, Salt",120,2,23,0,1.5,0,0,0.0,30,50,20,0.9,0.0,0,0,15,0,0,"Vegan, Vegetarian, Avoiding Gluten, How Good Friendly"
Stetson_East,Breakfast,RICE STATION,Brown Rice,Lightly seasoned,1/2 cup,"Water, Brown Rice",110,2,23,0,1,0,0,1,0,70,0,0.4,0,0,0,10,0,0,"Vegan, Vegetarian, Avoiding Gluten"
Stetson_East,Breakfast,RICE STATION,Olive Oil,,1 floz,Olive Oil,240,0,0,0,27,3.5,0,0,0,0,0,0.2,0.0,0,0,240,0.0,5,"Vegan, Vegetarian, Avoiding Gluten"
Stetson_East,Breakfast,RICE STATION,Gluten Free Soy Sauce,,1 floz,Soy Sauce,20,1,4,2,0,0,0,0,880,200,0,0,0,0,0.0,0,0.0,0,"Vegan, Vegetarian, Avoiding Gluten, Soy"
Stetson_East,Breakfast,RICE STATION,Seasoned Rice Vinegar,,1 floz,Seasoned Rice Vinegar,0,0,0,0,0,0,0,0,0,0,0,0,0,0,0.0,0,0.0,0,"Vegan, Vegetarian"
Stetson_East,Breakfast,HOMESTYLE,Scrambled Eggs,,1/2 cup,"Liquid Egg, Canola Oil",200,14,0.0,0,15,4,420,0,160,160,60,2,0,90,0,140,0.0,5,"Vegetarian, Avoiding Gluten, Good Source of Protein, Egg"
Stetson_East,Breakfast,HOMESTYLE,Bacon,Salty cured delicious pork back,3 slice,Bacon,130,9,0,0,10,3.5,30,0,470,140,0,0.3,0,5,0,90,0.0,5,"Good Source of Protein, Pork, Gluten*"
Stetson_East,Breakfast,HOMESTYLE,Fried Hash Brown Patty,,1 each,Hash Brown Patties,150,0.0,12,0,11,1.5,0,0.0,280,180,0,0,0,0,0,100,0.0,0,Onion
Stetson_East,Breakfast,HOMESTYLE,Buttermilk Pancakes,,2 each,"Water, Pancake Mix, Cooking Spray^",170,4,33,6,2.5,1,5,1,520,90,70,1.8,0,0,0,20,0,0,"Vegetarian, Gluten, Milk, Wheat, Soy, Egg"
Stetson_East,Breakfast,MENUTAINMENT,Eggs Your Way,,1 each,Egg,60,6,0,0,4,1.5,165,0,60,60,20,0.8,0,35,0,40,0.0,0,"Vegetarian, Avoiding Gluten, Egg"
Stetson_East,Breakfast,MENUTAINMENT,Eggs,,1/4 cup,Liquid Egg,90,8,0,0,6,2,225,0,85,80,30,1.1,0,50,0,50,0.0,0,"Vegetarian, Avoiding Gluten, Good Source of Protein, Egg"
Stetson_East,Breakfast,MENUTAINMENT,Egg Whites,two egg whites made-to-order,1/4 cup,Liquid Egg White,30,7,0,0,0,0,0,0,100,100,0,0,0.0,0,0,0,0.0,0,"Vegetarian, Avoiding Gluten, Good Source of Protein, Egg"
Stetson_East,Breakfast,MENUTAINMENT,Diced Bacon,,1 ounce,Bacon,130,10,0,0,10,3.5,30,0,480,140,0,0.3,0,5,0,90,0.0,5,"Good Source of Protein, Pork, Gluten*"
Stetson_East,Breakfast,MENUTAINMENT,Italian Sausage Crumbles,,1 ounce,Italian Sausage,90,5,0.0,0,7,2.5,25,0,230,100,0,0.4,0,10,0,70,0.0,5,"Avoiding Gluten, Celery*, Mustard*, Pork, Soy"
Stetson_East,Breakfast,MENUTAINMENT,Diced Ham,,1 ounce,Ham,35,4,2,0.0,1,0,15,0,360,200,0,0.2,0,170,0,10,0,0,"Pork, Gluten*"
Stetson_East,Breakfast,MENUTAINMENT,Shredded Sharp American Cheese,,1 ounce,American Cheese,100,5,1,0.0,9,5,30,0,470,40,300,0.2,0,90,0,80,0.0,5,"Avoiding Gluten, Milk, Beef*, Pork*"
Stetson_East,Breakfast,MENUTAINMENT,Baby Spinach,,1/4 ounce,Spinach,0,0,0,0,0,0,0,0,5,40,10,0.2,0,0,2,0,0.0,0,"Vegan, Vegetarian, Avoiding Gluten, How Good Friendly"
Stetson_East,Breakfast,MENUTAINMENT,Sliced Mushrooms,,1 ounce,Mushrooms,5,0.0,0.0,0.0,0,0,0,0,0,90,0,0.1,0,0,1,0,0.0,0,"Mushroom, Vegan, Vegetarian, Avoiding Gluten, How Good Friendly"
Stetson_East,Breakfast,MENUTAINMENT,Diced Tomatoes,,1 ounce,Tomatoes,5,0,1,0.0,0,0,0,0,0,70,0,0.1,0,0,4,0,0.0,0,"Vegan, Vegetarian, Avoiding Gluten, Tomato"
Stetson_East,Breakfast,MENUTAINMENT,Chopped Green Bell Pepper,,1 ounce,Green Bell Peppers,5,0,1,0.0,0,0,0,0,0,50,0,0.1,0,0,23,0,0.0,0,"Vegan, Vegetarian, Avoiding Gluten"
Stetson_East,Breakfast,MENUTAINMENT, Diced Onions,,1 ounce,Onions,10,0,3,1,0,0,0,0,0,40,10,0.1,0,0,2,0,0.0,0,"Vegan, Vegetarian, Avoiding Gluten, Onion"
Stetson_East,Breakfast,SOUP,Oatmeal,,1 ladle-4oz,"Water, Oatmeal, Salt",90,3,16,0,2,0,0,2,95,90,10,1.2,0.0,0,0,20,0,0,"Vegan, Vegetarian, Gluten, Wheat"
Stetson_East,Breakfast,SOUP,Hard Boiled Eggs,,2 each,"Waters, Egg",130,11,0.0,0,8,3,325,0,125,120,50,1.5,0,70,0,80,0,5,"Vegetarian, Avoiding Gluten, Good Source of Protein, Egg"
Stetson_East,Breakfast,SOUP,Cinnamon Sugar,"cinnamon, sugar, brown sugar mix",1 ounce,"Sugar, Brown Sugar (sugar, cane syrups), Cinnamon",110,0,28,25,0,0,0,2,0,20,40,0.3,0.0,0,0,0,0.0,0,"Vegan, Vegetarian, Avoiding Gluten"
Stetson_East,Breakfast,SOUP,Brown Sugar Topping,,1 cup,"Brown Sugar (sugar, cane syrups), Sugar",800,0,208,207,0,0,0,0,30,150,90,0.8,0.0,0,0,0,0.0,0,"Vegan, Vegetarian, Avoiding Gluten"
Stetson_East,Breakfast,FRESH 52 B,Grapefruit,,1 half,Ruby Red Grapefruit,35,0.0,9,6,0,0,0,1,0,110,20,0.1,0,0,26,0,0.0,0,"Vegan, Vegetarian, Avoiding Gluten, How Good Friendly"
Stetson_East,Breakfast,FRESH 52 B,Watermelon,,1 wedge,Watermelon,90,2,22,18,0,0,0,1,0,330,20,0.7,0,0,24,0,0.0,0,"Vegan, Vegetarian, Avoiding Gluten"
Stetson_East,Breakfast,FRESH 52 B,Red Seedless Grapes,,1/4 cup,Grapes,25,0,7,6,0,0,0,0,0,80,0,0.1,0,0,1,0,0.0,0,"Vegan, Vegetarian, Avoiding Gluten"
Stetson_East,Breakfast,FRESH 52 B,Cubed Pineapple,,1/4 cup,Pineapple,20,0,5,4,0,0,0,0.0,0,40,10,0.1,0,0,20,0,0.0,0,"Vegan, Vegetarian, Avoiding Gluten"
Stetson_East,Breakfast,FRESH 52 B,Cubed Cantaloupe,,1/4 cup,Cantaloupe,15,0,3,3,0,0,0,0,5,110,0,0.1,0,0,15,0,0.0,0,"Vegan, Vegetarian, Avoiding Gluten, How Good Friendly"
Stetson_East,Breakfast,FRESH 52 B,Cubed Honeydew,,1/4 cup,Honeydew Melon,15,0,4,3,0,0,0,0,10,100,0,0.1,0,0,8,0,0.0,0,"Vegan, Vegetarian, Avoiding Gluten, How Good Friendly"
Stetson_East,Breakfast,FRESH 52 B,Fat Free Cottage Cheese,,1/4 cup,Fat Free Cottage Cheese,25,4,2,0.0,0,0,0.0,0,135,50,30,0.1,0.0,0,0,0,0.0,0,"Vegetarian, Milk, MSG*"
Stetson_East,Breakfast,FRESH 52 B,Low Fat Plain Yogurt,,1/4 cup,Low Fat Yogurt,30,3,4,3,0.5,0,0.0,0,40,120,90,0,0,25,0.0,0,0.0,0,"Vegetarian, Avoiding Gluten, Milk"
Stetson_East,Breakfast,FRESH 52 B,Low-Fat Blueberry Yogurt,,1/4 cup,Low Fat Blueberry Yogurt,35,1,7,5,0,0,0,0,20,60,40,0,0,30,0.0,0,0.0,0,"Vegetarian, Avoiding Gluten, Milk"
Stetson_East,Breakfast,FRESH 52 B,Blueberries,,1 ounce,Blueberries,15,0,3,2,0,0,0,0.0,0,20,0,0.1,0,0,1,0,0.0,0,"Vegan, Vegetarian, Avoiding Gluten"
Stetson_East,Breakfast,FRESH 52 B,Oats 'n Honey Granola,,1 ounce,Granola,130,2,20,7,4.5,0.5,0,1,100,60,0,0.6,0,0,0,45,0,0,"Vegetarian, Wheat, Soy, Gluten*"
Stetson_East,Breakfast,FRESH 52 B,Cream Cheese,,1 ounce,Cream Cheese,100,2,2,1,10,6,30,0,90,40,30,0,0,0,0,90,0.0,5,"Vegetarian, Avoiding Gluten, Milk"
Stetson_East,Breakfast,FRESH 52 B,Maple Honey Cream Cheese,Maple Honey Cream Cheese,1 ounce,"Cream Cheese, Honey, Maple Extract",100,2,3,3,9,5,25,0,80,40,20,0,0.0,0,0,80,0.0,5,"Vegetarian, Milk, Sulphites, Gluten*, Wheat*, Alcohol"
Stetson_East,Breakfast,FRESH 52 B,Strawberry Cream Cheese,Laced with sweet strawberries,1 ounce,"Cream Cheese, Strawberry Preserves",100,1,4,3,8,5,25,0,75,30,20,0,0,0,0,80,0.0,5,"Vegetarian, Milk, Gluten*, MSG*, Strawberry"
Stetson_East,Breakfast,FRESH 52 B,Butter PC,,1 each,Butter,70,0,0,0,8,4.5,25,0,60,0,0,0,0,0,0,70,0.0,5,"Vegetarian, Avoiding Gluten, Milk"
Stetson_East,Breakfast,FRESH 52 B,"Margarine, Smart Balance, 5g",Margarine,1 each,"INGREDIENTS: NATURAL OIL BLEND (PALM FRUIT, SOYBEAN, CANOLA, FLAXSEED AND OLIVE OILS), WATER, CONTAINS LESS THAN 2% SALT, SORBITAN ESTER OF VEGETABLE FATTY ACIDS, MONOGLYCERIDE OF VEGETABLE FATTY ACIDS, SOYBEAN LECITHIN, POTASSIUM SORBATE, TBHQ AND CALCIUM DISODIUM EDTA TO PROTECT FRESHNESS, NATURAL AND ARTIFICIAL FLAVOR, LACTIC ACID, VITAMIN A PALMITATE, BETA-CAROTENE COLOR AND VITAMIN E ACETATE. CONTAINS: SOYBEAN.",30,0,0,0,3,1,0,0,30,0,0,0,0,0,0,30,35,0,"Vegan, Vegetarian, Avoiding Gluten, Soy"
Stetson_East,Breakfast,FRESH 52 B,"Jelly, Assorted (Grape, Strawberry, Mixed Fruit), Smuckers",,1 each,"Concord Grape Jelly: Concord Grape Juice, High Fructose Corn Syrup, Corn Syrup, Fruit Pectin, Citric Acid, Sodium Citrate.
Strawberry Jam: Strawberries, High Fructose Corn Syrup, Corn Syrup, Sugar, Fruit Pectin, Citric Acid.
Mixed Fruit Jelly: High Fructose Corn Syrup, Corn Syrup, Grape Juice, Apple Juice, Fruit Pectin, Citric Acid. 
Manufacturer will not declare gluten free ",35,0,9,8,0,0,0,0,5,0.0,0.0,0.0,0,0.0,0.0,0,0.0,0,"Gluten*, Strawberry"
Stetson_East,Breakfast,FRESH 52 B,"Peanut Butter, .75 oz, Jif",,1 each,"INGREDIENTS: MADE FROM ROASTED PEANUTS AND SUGAR, CONTAINS 2% OR LESS OF: MOLASSES, FULLY HYDROGENATED VEGETABLE OILS (RAPESEED AND SOYBEAN), MONO AND DIGLYCERIDES, SALT. Gluten Free. ALLERGENS: Peanuts. ",120,4,5,2,10,2,0,2,90,120,10,0.3,0,0,0.0,90,0.0,0,"Vegan, Vegetarian, Avoiding Gluten, Peanuts"
Stetson_East,Breakfast,FRESH 52 B,Nutella,,3/4 ounce,Chocolate Hazelnut Spread,110,1,13,12,6,2.5,0.0,0.0,10,100,20,0.6,0,0,0.0,60,0.0,0,"Vegetarian, Avoiding Gluten, Milk, Soy, Tree Nuts"
Stetson_East,Breakfast,FRESH 52 B,Dried Cranberries,,1 tbsp,Cranberries,30,0,8,7,0,0,0,0,0,0,0,0,0,0,0,0,0.0,0,"Vegan, Vegetarian, Avoiding Gluten"
Stetson_East,Breakfast,FRESH 52 B,Raisins,,1 tbsp,Raisins,25,0,7,6,0,0,0,0,0,70,10,0.2,0,0,0,0,0.0,0,"Vegan, Vegetarian, Avoiding Gluten"
Stetson_East,Breakfast,FRESH 52 B,Roasted Sunflower Seeds,,1 tbsp,Sunflower Seeds,45,2,2,0,4,0,0,0.0,0,70,10,0.3,0.0,0,0,35,0.0,0,"Vegan, Vegetarian, Avoiding Gluten"
Stetson_East,Breakfast,SWEET SHOPPE,Plain Bagel,,1 each,Plain Bagel,300,9,60,4,2,0,0,2,300,0.0,100,3.8,0,0,0.0,20,0.0,0,"Vegan, Vegetarian, Gluten, Wheat, Good Source of Protein, Soy"
Stetson_East,Breakfast,SWEET SHOPPE,Cinnamon Raisin Bagel,,1 each,Cinnamon Raisin Bagel,330,11,66,14,2,0.5,0,3,460,150,40,3.4,0,0,0.0,20,0.0,0,"Vegan, Vegetarian, Gluten, Wheat, Good Source of Protein, Soy, Sesame"
Stetson_East,Breakfast,SWEET SHOPPE,Everything Bagel,,1 each,Everything Bagel,310,11,61,6,2.5,0,0,3,570,120,60,4,0,0,5,25,20,0,"Garlic, Vegan, Vegetarian, Gluten, Wheat, Good Source of Protein, Soy*, Sulphites, Onion, Sesame"
Stetson_East,Breakfast,SWEET SHOPPE,Mini Croissant,,1 each,Croissant,90,1,11,1,4.5,2.5,10,0,90,10,0,0.2,0,0,0.0,40,0.0,5,"Vegetarian, Gluten, Milk, Wheat, Egg, Tree Nuts*"
Stetson_East,Breakfast,SWEET SHOPPE,Blueberry Muffin,Sweet blueberries in a fluffy cake.,1 each,"Muffin Mix, Water, Blueberries, All Purpose Flour",360,3,63,33,10,4.5,0,1,530,70,60,2.1,0.0,0,0,90,0,5,"Vegetarian, Egg*, Gluten, Milk, Wheat, Soy"
Stetson_East,Breakfast,SWEET SHOPPE,Assorted Mini Danishes,"Assortment of apple, cheese, raspberry, or cinnamon raisin",1 each,Demi Danish,110,2,16,7,5,2.5,0.0,0.0,135,10,10,1,0,0,0.0,45,0.0,0,"Vegetarian, Gluten, Milk, Wheat, Sulphites, Soy, Egg"
Stetson_East,Breakfast,SWEET SHOPPE,Powdered Donut Hole,Donut Hole Powdered Sugar,3 each,"Plain Donut Hole, Powdered Sugar",160,2,18,8,9,4.5,5,0,220,30,0,0.9,0.0,0,0,80,0,5,"Vegetarian, Gluten, Milk, Wheat, Soy, Egg"
Stetson_East,Breakfast,SWEET SHOPPE,Cinnamon Twist ,Twisted Puffed Pastry Dusted with Cinnamon Sugar,1 each,"Bread Flour, Sugar, Cinnamon, Water, Brown Sugar (sugar, cane syrups), Butter, Canola Oil, Salt, Active Yeast",60,0.0,12,5,1.5,0.5,0.0,1,60,20,20,0.5,0.0,0,0,10,0,0,"Vegetarian, Gluten, Milk, Wheat"
Stetson_East,Lunch,CUCINA,English Breakfast Baked Beans,Traditional tomato baked beans with maple and spices,1/2 cup,"Cannellini Beans (White Kidney Beans, Water, Salt, Calcium Chloride, Disodium Edta), Tomato puree (tomato puree, water, tomato paste, citric acid), Onions, Maple Syrup, Tomato paste (tomato paste, salt, citric acid), Canola Oil, Worcestershire Sauce with Anchovies, Garlic, Salt, Paprika (Paprika and Silicon Dioxide), Black Pepper, Thyme",180,8,29,7,4,0,0,6,380,560,70,2.4,0.0,0,6,35,5,0,"Garlic, Avoiding Gluten, Good Source of Protein, Mustard*, Tomato, Onion, Soy, Fish"
Stetson_East,Lunch,CUCINA,Quinoa,,1/2 cup,"Quinoa, Water, Chicken Broth Concentrate",130,4,22,1,2.5,0,0,3,340,170,20,1.5,0.0,0,0,20,0,0,Poultry
Stetson_East,Lunch,CUCINA,Meatless Vegetarian Sausage Patty,,1 each,Meatless Sausage,70,9,4,0.0,2.5,0,0,0.0,250,100,0,1.6,0,0,0,20,0,0,"Vegetarian, Gluten, Milk, Wheat, Good Source of Protein, Celery*, Mustard*, Onion, Soy, Egg, MSG*"
Stetson_East,Lunch,CUCINA,Blistered Grape Tomatoes,Blistered Grape Tomatoes with Parsley and Thyme,1 ounce,"Tomatoes, Canola Oil, Salt, Fresh Ground Black Pepper, Parsley, Thyme",30,0,1,0.0,2.5,0,0,0,110,70,0,0.1,0,0,4,25,0.0,0,"Vegan, Vegetarian, Avoiding Gluten, Tomato"
Stetson_East,Lunch,CUCINA,"Ham, Egg, Cheese Breakfast Pizza","Peppers, Bacon, Eggs, Ham and Cheese Pizza",1 slice,"Pizza Dough, Part Skim Mozzarella Cheese, Ham, Liquid Egg, Whole Milk, Bacon, Sharp Cheddar Cheese, Green Bell Peppers, Mushrooms, Onions, American Cheese, Butter, Canola Oil, All Purpose Flour, Salt, White Pepper",330,18,36,3,12,5,85,1,810,280,240,2.6,0.0,130,2,110,0,5,"Mushroom, Gluten, Milk, Wheat, Good Source of Protein, Beef*, Pork, Soy*, Onion, Egg, Sesame*"
Stetson_East,Lunch,CUCINA,Cheese Pizza,"Traditional pie topped with Italian tomato sauce, mozzarella, and parmesan cheese.",1 slice,"Pizza Dough, Parmesan Cheese, Part Skim Mozzarella Cheese, Crushed tomatoes (unpeeled tomatoes, tomato puree, salt, citric acid), Chopped whole peeled tomatoes (tomatoes, tomato juice, salt, calcium chloride, citric acid), Canola Oil, Salt, Basil, Garlic, Black Pepper",200,10,18,2,10,4,20,0.0,640,140,230,1.3,0,15,3,90,0,5,"Garlic, Vegetarian, Egg*, Gluten, Milk, Wheat, Good Source of Protein, Soy*, Tomato, Sesame*"
Stetson_East,Lunch,RICE STATION,White Rice,White Rice Cooked with Canola Oil and Salt,1/2 cup,"Water, Long Grain White Rice, Canola Oil, Salt",120,2,23,0,1.5,0,0,0.0,30,50,20,0.9,0.0,0,0,15,0,0,"Vegan, Vegetarian, Avoiding Gluten, How Good Friendly"
Stetson_East,Lunch,RICE STATION,Brown Rice,Lightly seasoned,1/2 cup,"Water, Brown Rice",110,2,23,0,1,0,0,1,0,70,0,0.4,0,0,0,10,0,0,"Vegan, Vegetarian, Avoiding Gluten"
Stetson_East,Lunch,RICE STATION,Olive Oil,,1 floz,Olive Oil,240,0,0,0,27,3.5,0,0,0,0,0,0.2,0.0,0,0,240,0.0,5,"Vegan, Vegetarian, Avoiding Gluten"
Stetson_East,Lunch,RICE STATION,Gluten Free Soy Sauce,,1 floz,Soy Sauce,20,1,4,2,0,0,0,0,880,200,0,0,0,0,0.0,0,0.0,0,"Vegan, Vegetarian, Avoiding Gluten, Soy"
Stetson_East,Lunch,RICE STATION,Seasoned Rice Vinegar,,1 floz,Seasoned Rice Vinegar,0,0,0,0,0,0,0,0,0,0,0,0,0,0,0.0,0,0.0,0,"Vegan, Vegetarian"
Stetson_East,Lunch,HOMESTYLE,Scrambled Eggs,,1/2 cup,"Liquid Egg, Canola Oil",200,14,0.0,0,15,4,420,0,160,160,60,2,0,90,0,140,0.0,5,"Vegetarian, Avoiding Gluten, Good Source of Protein, Egg"
Stetson_East,Lunch,HOMESTYLE,Bacon,Salty cured delicious pork back,3 slice,Bacon,130,9,0,0,10,3.5,30,0,470,140,0,0.3,0,5,0,90,0.0,5,"Good Source of Protein, Pork, Gluten*"
Stetson_East,Lunch,HOMESTYLE,Fried Hash Brown Patty,,1 each,Hash Brown Patties,150,0.0,12,0,11,1.5,0,0.0,280,180,0,0,0,0,0,100,0.0,0,Onion
Stetson_East,Lunch,HOMESTYLE,Buttermilk Pancakes,,2 each,"Water, Pancake Mix, Cooking Spray^",170,4,33,6,2.5,1,5,1,520,90,70,1.8,0,0,0,20,0,0,"Vegetarian, Gluten, Milk, Wheat, Soy, Egg"
Stetson_East,Lunch,MENUTAINMENT,Eggs Your Way,,1 each,Egg,60,6,0,0,4,1.5,165,0,60,60,20,0.8,0,35,0,40,0.0,0,"Vegetarian, Avoiding Gluten, Egg"
Stetson_East,Lunch,MENUTAINMENT,Eggs,,1/4 cup,Liquid Egg,90,8,0,0,6,2,225,0,85,80,30,1.1,0,50,0,50,0.0,0,"Vegetarian, Avoiding Gluten, Good Source of Protein, Egg"
Stetson_East,Lunch,MENUTAINMENT,Egg Whites,two egg whites made-to-order,1/4 cup,Liquid Egg White,30,7,0,0,0,0,0,0,100,100,0,0,0.0,0,0,0,0.0,0,"Vegetarian, Avoiding Gluten, Good Source of Protein, Egg"
Stetson_East,Lunch,MENUTAINMENT,Diced Bacon,,1 ounce,Bacon,130,10,0,0,10,3.5,30,0,480,140,0,0.3,0,5,0,90,0.0,5,"Good Source of Protein, Pork, Gluten*"
Stetson_East,Lunch,MENUTAINMENT,Italian Sausage Crumbles,,1 ounce,Italian Sausage,90,5,0.0,0,7,2.5,25,0,230,100,0,0.4,0,10,0,70,0.0,5,"Avoiding Gluten, Celery*, Mustard*, Pork, Soy"
Stetson_East,Lunch,MENUTAINMENT,Diced Ham,,1 ounce,Ham,35,4,2,0.0,1,0,15,0,360,200,0,0.2,0,170,0,10,0,0,"Pork, Gluten*"
Stetson_East,Lunch,MENUTAINMENT,Shredded Sharp American Cheese,,1 ounce,American Cheese,100,5,1,0.0,9,5,30,0,470,40,300,0.2,0,90,0,80,0.0,5,"Avoiding Gluten, Milk, Beef*, Pork*"
Stetson_East,Lunch,MENUTAINMENT,Baby Spinach,,1/4 ounce,Spinach,0,0,0,0,0,0,0,0,5,40,10,0.2,0,0,2,0,0.0,0,"Vegan, Vegetarian, Avoiding Gluten, How Good Friendly"
Stetson_East,Lunch,MENUTAINMENT,Sliced Mushrooms,,1 ounce,Mushrooms,5,0.0,0.0,0.0,0,0,0,0,0,90,0,0.1,0,0,1,0,0.0,0,"Mushroom, Vegan, Vegetarian, Avoiding Gluten, How Good Friendly"
Stetson_East,Lunch,MENUTAINMENT,Diced Tomatoes,,1 ounce,Tomatoes,5,0,1,0.0,0,0,0,0,0,70,0,0.1,0,0,4,0,0.0,0,"Vegan, Vegetarian, Avoiding Gluten, Tomato"
Stetson_East,Lunch,MENUTAINMENT,Chopped Green Bell Pepper,,1 ounce,Green Bell Peppers,5,0,1,0.0,0,0,0,0,0,50,0,0.1,0,0,23,0,0.0,0,"Vegan, Vegetarian, Avoiding Gluten"
Stetson_East,Lunch,MENUTAINMENT, Diced Onions,,1 ounce,Onions,10,0,3,1,0,0,0,0,0,40,10,0.1,0,0,2,0,0.0,0,"Vegan, Vegetarian, Avoiding Gluten, Onion"
Stetson_East,Lunch,SOUP,Oatmeal,,1 ladle-4oz,"Water, Oatmeal, Salt",90,3,16,0,2,0,0,2,95,90,10,1.2,0.0,0,0,20,0,0,"Vegan, Vegetarian, Gluten, Wheat"
Stetson_East,Lunch,SOUP,Hard Boiled Eggs,,2 each,"Waters, Egg",130,11,0.0,0,8,3,325,0,125,120,50,1.5,0,70,0,80,0,5,"Vegetarian, Avoiding Gluten, Good Source of Protein, Egg"
Stetson_East,Lunch,SOUP,Cinnamon Sugar,"cinnamon, sugar, brown sugar mix",1 ounce,"Sugar, Brown Sugar (sugar, cane syrups), Cinnamon",110,0,28,25,0,0,0,2,0,20,40,0.3,0.0,0,0,0,0.0,0,"Vegan, Vegetarian, Avoiding Gluten"
Stetson_East,Lunch,SOUP,Brown Sugar Topping,,1 cup,"Brown Sugar (sugar, cane syrups), Sugar",800,0,208,207,0,0,0,0,30,150,90,0.8,0.0,0,0,0,0.0,0,"Vegan, Vegetarian, Avoiding Gluten"
Stetson_East,Lunch,FRESH 52 B,Grapefruit,,1 half,Ruby Red Grapefruit,35,0.0,9,6,0,0,0,1,0,110,20,0.1,0,0,26,0,0.0,0,"Vegan, Vegetarian, Avoiding Gluten, How Good Friendly"
Stetson_East,Lunch,FRESH 52 B,Watermelon,,1 wedge,Watermelon,90,2,22,18,0,0,0,1,0,330,20,0.7,0,0,24,0,0.0,0,"Vegan, Vegetarian, Avoiding Gluten"
Stetson_East,Lunch,FRESH 52 B,Red Seedless Grapes,,1/4 cup,Grapes,25,0,7,6,0,0,0,0,0,80,0,0.1,0,0,1,0,0.0,0,"Vegan, Vegetarian, Avoiding Gluten"
Stetson_East,Lunch,FRESH 52 B,Cubed Pineapple,,1/4 cup,Pineapple,20,0,5,4,0,0,0,0.0,0,40,10,0.1,0,0,20,0,0.0,0,"Vegan, Vegetarian, Avoiding Gluten"
Stetson_East,Lunch,FRESH 52 B,Cubed Cantaloupe,,1/4 cup,Cantaloupe,15,0,3,3,0,0,0,0,5,110,0,0.1,0,0,15,0,0.0,0,"Vegan, Vegetarian, Avoiding Gluten, How Good Friendly"
Stetson_East,Lunch,FRESH 52 B,Cubed Honeydew,,1/4 cup,Honeydew Melon,15,0,4,3,0,0,0,0,10,100,0,0.1,0,0,8,0,0.0,0,"Vegan, Vegetarian, Avoiding Gluten, How Good Friendly"
Stetson_East,Lunch,FRESH 52 B,Fat Free Cottage Cheese,,1/4 cup,Fat Free Cottage Cheese,25,4,2,0.0,0,0,0.0,0,135,50,30,0.1,0.0,0,0,0,0.0,0,"Vegetarian, Milk, MSG*"
Stetson_East,Lunch,FRESH 52 B,Low Fat Plain Yogurt,,1/4 cup,Low Fat Yogurt,30,3,4,3,0.5,0,0.0,0,40,120,90,0,0,25,0.0,0,0.0,0,"Vegetarian, Avoiding Gluten, Milk"
Stetson_East,Lunch,FRESH 52 B,Low-Fat Blueberry Yogurt,,1/4 cup,Low Fat Blueberry Yogurt,35,1,7,5,0,0,0,0,20,60,40,0,0,30,0.0,0,0.0,0,"Vegetarian, Avoiding Gluten, Milk"
Stetson_East,Lunch,FRESH 52 B,Blueberries,,1 ounce,Blueberries,15,0,3,2,0,0,0,0.0,0,20,0,0.1,0,0,1,0,0.0,0,"Vegan, Vegetarian, Avoiding Gluten"
Stetson_East,Lunch,FRESH 52 B,Oats 'n Honey Granola,,1 ounce,Granola,130,2,20,7,4.5,0.5,0,1,100,60,0,0.6,0,0,0,45,0,0,"Vegetarian, Wheat, Soy, Gluten*"
Stetson_East,Lunch,FRESH 52 B,Cream Cheese,,1 ounce,Cream Cheese,100,2,2,1,10,6,30,0,90,40,30,0,0,0,0,90,0.0,5,"Vegetarian, Avoiding Gluten, Milk"
Stetson_East,Lunch,FRESH 52 B,Maple Honey Cream Cheese,Maple Honey Cream Cheese,1 ounce,"Cream Cheese, Honey, Maple Extract",100,2,3,3,9,5,25,0,80,40,20,0,0.0,0,0,80,0.0,5,"Vegetarian, Milk, Sulphites, Gluten*, Wheat*, Alcohol"
Stetson_East,Lunch,FRESH 52 B,Strawberry Cream Cheese,Laced with sweet strawberries,1 ounce,"Cream Cheese, Strawberry Preserves",100,1,4,3,8,5,25,0,75,30,20,0,0,0,0,80,0.0,5,"Vegetarian, Milk, Gluten*, MSG*, Strawberry"
Stetson_East,Lunch,FRESH 52 B,Butter PC,,1 each,Butter,70,0,0,0,8,4.5,25,0,60,0,0,0,0,0,0,70,0.0,5,"Vegetarian, Avoiding Gluten, Milk"
Stetson_East,Lunch,FRESH 52 B,"Margarine, Smart Balance, 5g",Margarine,1 each,"INGREDIENTS: NATURAL OIL BLEND (PALM FRUIT, SOYBEAN, CANOLA, FLAXSEED AND OLIVE OILS), WATER, CONTAINS LESS THAN 2% SALT, SORBITAN ESTER OF VEGETABLE FATTY ACIDS, MONOGLYCERIDE OF VEGETABLE FATTY ACIDS, SOYBEAN LECITHIN, POTASSIUM SORBATE, TBHQ AND CALCIUM DISODIUM EDTA TO PROTECT FRESHNESS, NATURAL AND ARTIFICIAL FLAVOR, LACTIC ACID, VITAMIN A PALMITATE, BETA-CAROTENE COLOR AND VITAMIN E ACETATE. CONTAINS: SOYBEAN.",30,0,0,0,3,1,0,0,30,0,0,0,0,0,0,30,35,0,"Vegan, Vegetarian, Avoiding Gluten, Soy"
Stetson_East,Lunch,FRESH 52 B,"Jelly, Assorted (Grape, Strawberry, Mixed Fruit), Smuckers",,1 each,"Concord Grape Jelly: Concord Grape Juice, High Fructose Corn Syrup, Corn Syrup, Fruit Pectin, Citric Acid, Sodium Citrate.
Strawberry Jam: Strawberries, High Fructose Corn Syrup, Corn Syrup, Sugar, Fruit Pectin, Citric Acid.
Mixed Fruit Jelly: High Fructose Corn Syrup, Corn Syrup, Grape Juice, Apple Juice, Fruit Pectin, Citric Acid. 
Manufacturer will not declare gluten free ",35,0,9,8,0,0,0,0,5,0.0,0.0,0.0,0,0.0,0.0,0,0.0,0,"Gluten*, Strawberry"
Stetson_East,Lunch,FRESH 52 B,"Peanut Butter, .75 oz, Jif",,1 each,"INGREDIENTS: MADE FROM ROASTED PEANUTS AND SUGAR, CONTAINS 2% OR LESS OF: MOLASSES, FULLY HYDROGENATED VEGETABLE OILS (RAPESEED AND SOYBEAN), MONO AND DIGLYCERIDES, SALT. Gluten Free. ALLERGENS: Peanuts. ",120,4,5,2,10,2,0,2,90,120,10,0.3,0,0,0.0,90,0.0,0,"Vegan, Vegetarian, Avoiding Gluten, Peanuts"
Stetson_East,Lunch,FRESH 52 B,Nutella,,3/4 ounce,Chocolate Hazelnut Spread,110,1,13,12,6,2.5,0.0,0.0,10,100,20,0.6,0,0,0.0,60,0.0,0,"Vegetarian, Avoiding Gluten, Milk, Soy, Tree Nuts"
Stetson_East,Lunch,FRESH 52 B,Dried Cranberries,,1 tbsp,Cranberries,30,0,8,7,0,0,0,0,0,0,0,0,0,0,0,0,0.0,0,"Vegan, Vegetarian, Avoiding Gluten"
Stetson_East,Lunch,FRESH 52 B,Raisins,,1 tbsp,Raisins,25,0,7,6,0,0,0,0,0,70,10,0.2,0,0,0,0,0.0,0,"Vegan, Vegetarian, Avoiding Gluten"
Stetson_East,Lunch,FRESH 52 B,Roasted Sunflower Seeds,,1 tbsp,Sunflower Seeds,45,2,2,0,4,0,0,0.0,0,70,10,0.3,0.0,0,0,35,0.0,0,"Vegan, Vegetarian, Avoiding Gluten"
Stetson_East,Lunch,SWEET SHOPPE,Plain Bagel,,1 each,Plain Bagel,300,9,60,4,2,0,0,2,300,0.0,100,3.8,0,0,0.0,20,0.0,0,"Vegan, Vegetarian, Gluten, Wheat, Good Source of Protein, Soy"
Stetson_East,Lunch,SWEET SHOPPE,Cinnamon Raisin Bagel,,1 each,Cinnamon Raisin Bagel,330,11,66,14,2,0.5,0,3,460,150,40,3.4,0,0,0.0,20,0.0,0,"Vegan, Vegetarian, Gluten, Wheat, Good Source of Protein, Soy, Sesame"
Stetson_East,Lunch,SWEET SHOPPE,Everything Bagel,,1 each,Everything Bagel,310,11,61,6,2.5,0,0,3,570,120,60,4,0,0,5,25,20,0,"Garlic, Vegan, Vegetarian, Gluten, Wheat, Good Source of Protein, Soy*, Sulphites, Onion, Sesame"
Stetson_East,Lunch,SWEET SHOPPE,Mini Croissant,,1 each,Croissant,90,1,11,1,4.5,2.5,10,0,90,10,0,0.2,0,0,0.0,40,0.0,5,"Vegetarian, Gluten, Milk, Wheat, Egg, Tree Nuts*"
Stetson_East,Lunch,SWEET SHOPPE,Blueberry Muffin,Sweet blueberries in a fluffy cake.,1 each,"Muffin Mix, Water, Blueberries, All Purpose Flour",360,3,63,33,10,4.5,0,1,530,70,60,2.1,0.0,0,0,90,0,5,"Vegetarian, Egg*, Gluten, Milk, Wheat, Soy"
Stetson_East,Lunch,SWEET SHOPPE,Assorted Mini Danishes,"Assortment of apple, cheese, raspberry, or cinnamon raisin",1 each,Demi Danish,110,2,16,7,5,2.5,0.0,0.0,135,10,10,1,0,0,0.0,45,0.0,0,"Vegetarian, Gluten, Milk, Wheat, Sulphites, Soy, Egg"
Stetson_East,Lunch,SWEET SHOPPE,Powdered Donut Hole,Donut Hole Powdered Sugar,3 each,"Plain Donut Hole, Powdered Sugar",160,2,18,8,9,4.5,5,0,220,30,0,0.9,0.0,0,0,80,0,5,"Vegetarian, Gluten, Milk, Wheat, Soy, Egg"
Stetson_East,Lunch,SWEET SHOPPE,Cinnamon Twist ,Twisted Puffed Pastry Dusted with Cinnamon Sugar,1 each,"Bread Flour, Sugar, Cinnamon, Water, Brown Sugar (sugar, cane syrups), Butter, Canola Oil, Salt, Active Yeast",60,0.0,12,5,1.5,0.5,0.0,1,60,20,20,0.5,0.0,0,0,10,0,0,"Vegetarian, Gluten, Milk, Wheat"
Stetson_East,Dinner,CUCINA,English Breakfast Baked Beans,Traditional tomato baked beans with maple and spices,1/2 cup,"Cannellini Beans (White Kidney Beans, Water, Salt, Calcium Chloride, Disodium Edta), Tomato puree (tomato puree, water, tomato paste, citric acid), Onions, Maple Syrup, Tomato paste (tomato paste, salt, citric acid), Canola Oil, Worcestershire Sauce with Anchovies, Garlic, Salt, Paprika (Paprika and Silicon Dioxide), Black Pepper, Thyme",180,8,29,7,4,0,0,6,380,560,70,2.4,0.0,0,6,35,5,0,"Garlic, Avoiding Gluten, Good Source of Protein, Mustard*, Tomato, Onion, Soy, Fish"
Stetson_East,Dinner,CUCINA,Quinoa,,1/2 cup,"Quinoa, Water, Chicken Broth Concentrate",130,4,22,1,2.5,0,0,3,340,170,20,1.5,0.0,0,0,20,0,0,Poultry
Stetson_East,Dinner,CUCINA,Meatless Vegetarian Sausage Patty,,1 each,Meatless Sausage,70,9,4,0.0,2.5,0,0,0.0,250,100,0,1.6,0,0,0,20,0,0,"Vegetarian, Gluten, Milk, Wheat, Good Source of Protein, Celery*, Mustard*, Onion, Soy, Egg, MSG*"
Stetson_East,Dinner,CUCINA,Blistered Grape Tomatoes,Blistered Grape Tomatoes with Parsley and Thyme,1 ounce,"Tomatoes, Canola Oil, Salt, Fresh Ground Black Pepper, Parsley, Thyme",30,0,1,0.0,2.5,0,0,0,110,70,0,0.1,0,0,4,25,0.0,0,"Vegan, Vegetarian, Avoiding Gluten, Tomato"
Stetson_East,Dinner,CUCINA,"Ham, Egg, Cheese Breakfast Pizza","Peppers, Bacon, Eggs, Ham and Cheese Pizza",1 slice,"Pizza Dough, Part Skim Mozzarella Cheese, Ham, Liquid Egg, Whole Milk, Bacon, Sharp Cheddar Cheese, Green Bell Peppers, Mushrooms, Onions, American Cheese, Butter, Canola Oil, All Purpose Flour, Salt, White Pepper",330,18,36,3,12,5,85,1,810,280,240,2.6,0.0,130,2,110,0,5,"Mushroom, Gluten, Milk, Wheat, Good Source of Protein, Beef*, Pork, Soy*, Onion, Egg, Sesame*"
Stetson_East,Dinner,CUCINA,Cheese Pizza,"Traditional pie topped with Italian tomato sauce, mozzarella, and parmesan cheese.",1 slice,"Pizza Dough, Parmesan Cheese, Part Skim Mozzarella Cheese, Crushed tomatoes (unpeeled tomatoes, tomato puree, salt, citric acid), Chopped whole peeled tomatoes (tomatoes, tomato juice, salt, calcium chloride, citric acid), Canola Oil, Salt, Basil, Garlic, Black Pepper",200,10,18,2,10,4,20,0.0,640,140,230,1.3,0,15,3,90,0,5,"Garlic, Vegetarian, Egg*, Gluten, Milk, Wheat, Good Source of Protein, Soy*, Tomato, Sesame*"
Stetson_East,Dinner,RICE STATION,White Rice,White Rice Cooked with Canola Oil and Salt,1/2 cup,"Water, Long Grain White Rice, Canola Oil, Salt",120,2,23,0,1.5,0,0,0.0,30,50,20,0.9,0.0,0,0,15,0,0,"Vegan, Vegetarian, Avoiding Gluten, How Good Friendly"
Stetson_East,Dinner,RICE STATION,Brown Rice,Lightly seasoned,1/2 cup,"Water, Brown Rice",110,2,23,0,1,0,0,1,0,70,0,0.4,0,0,0,10,0,0,"Vegan, Vegetarian, Avoiding Gluten"
Stetson_East,Dinner,RICE STATION,Olive Oil,,1 floz,Olive Oil,240,0,0,0,27,3.5,0,0,0,0,0,0.2,0.0,0,0,240,0.0,5,"Vegan, Vegetarian, Avoiding Gluten"
Stetson_East,Dinner,RICE STATION,Gluten Free Soy Sauce,,1 floz,Soy Sauce,20,1,4,2,0,0,0,0,880,200,0,0,0,0,0.0,0,0.0,0,"Vegan, Vegetarian, Avoiding Gluten, Soy"
Stetson_East,Dinner,RICE STATION,Seasoned Rice Vinegar,,1 floz,Seasoned Rice Vinegar,0,0,0,0,0,0,0,0,0,0,0,0,0,0,0.0,0,0.0,0,"Vegan, Vegetarian"
Stetson_East,Dinner,HOMESTYLE,Scrambled Eggs,,1/2 cup,"Liquid Egg, Canola Oil",200,14,0.0,0,15,4,420,0,160,160,60,2,0,90,0,140,0.0,5,"Vegetarian, Avoiding Gluten, Good Source of Protein, Egg"
Stetson_East,Dinner,HOMESTYLE,Bacon,Salty cured delicious pork back,3 slice,Bacon,130,9,0,0,10,3.5,30,0,470,140,0,0.3,0,5,0,90,0.0,5,"Good Source of Protein, Pork, Gluten*"
Stetson_East,Dinner,HOMESTYLE,Fried Hash Brown Patty,,1 each,Hash Brown Patties,150,0.0,12,0,11,1.5,0,0.0,280,180,0,0,0,0,0,100,0.0,0,Onion
Stetson_East,Dinner,HOMESTYLE,Buttermilk Pancakes,,2 each,"Water, Pancake Mix, Cooking Spray^",170,4,33,6,2.5,1,5,1,520,90,70,1.8,0,0,0,20,0,0,"Vegetarian, Gluten, Milk, Wheat, Soy, Egg"
Stetson_East,Dinner,MENUTAINMENT,Eggs Your Way,,1 each,Egg,60,6,0,0,4,1.5,165,0,60,60,20,0.8,0,35,0,40,0.0,0,"Vegetarian, Avoiding Gluten, Egg"
Stetson_East,Dinner,MENUTAINMENT,Eggs,,1/4 cup,Liquid Egg,90,8,0,0,6,2,225,0,85,80,30,1.1,0,50,0,50,0.0,0,"Vegetarian, Avoiding Gluten, Good Source of Protein, Egg"
Stetson_East,Dinner,MENUTAINMENT,Egg Whites,two egg whites made-to-order,1/4 cup,Liquid Egg White,30,7,0,0,0,0,0,0,100,100,0,0,0.0,0,0,0,0.0,0,"Vegetarian, Avoiding Gluten, Good Source of Protein, Egg"
Stetson_East,Dinner,MENUTAINMENT,Diced Bacon,,1 ounce,Bacon,130,10,0,0,10,3.5,30,0,480,140,0,0.3,0,5,0,90,0.0,5,"Good Source of Protein, Pork, Gluten*"
Stetson_East,Dinner,MENUTAINMENT,Italian Sausage Crumbles,,1 ounce,Italian Sausage,90,5,0.0,0,7,2.5,25,0,230,100,0,0.4,0,10,0,70,0.0,5,"Avoiding Gluten, Celery*, Mustard*, Pork, Soy"
Stetson_East,Dinner,MENUTAINMENT,Diced Ham,,1 ounce,Ham,35,4,2,0.0,1,0,15,0,360,200,0,0.2,0,170,0,10,0,0,"Pork, Gluten*"
Stetson_East,Dinner,MENUTAINMENT,Shredded Sharp American Cheese,,1 ounce,American Cheese,100,5,1,0.0,9,5,30,0,470,40,300,0.2,0,90,0,80,0.0,5,"Avoiding Gluten, Milk, Beef*, Pork*"
Stetson_East,Dinner,MENUTAINMENT,Baby Spinach,,1/4 ounce,Spinach,0,0,0,0,0,0,0,0,5,40,10,0.2,0,0,2,0,0.0,0,"Vegan, Vegetarian, Avoiding Gluten, How Good Friendly"
Stetson_East,Dinner,MENUTAINMENT,Sliced Mushrooms,,1 ounce,Mushrooms,5,0.0,0.0,0.0,0,0,0,0,0,90,0,0.1,0,0,1,0,0.0,0,"Mushroom, Vegan, Vegetarian, Avoiding Gluten, How Good Friendly"
Stetson_East,Dinner,MENUTAINMENT,Diced Tomatoes,,1 ounce,Tomatoes,5,0,1,0.0,0,0,0,0,0,70,0,0.1,0,0,4,0,0.0,0,"Vegan, Vegetarian, Avoiding Gluten, Tomato"
Stetson_East,Dinner,MENUTAINMENT,Chopped Green Bell Pepper,,1 ounce,Green Bell Peppers,5,0,1,0.0,0,0,0,0,0,50,0,0.1,0,0,23,0,0.0,0,"Vegan, Vegetarian, Avoiding Gluten"
Stetson_East,Dinner,MENUTAINMENT, Diced Onions,,1 ounce,Onions,10,0,3,1,0,0,0,0,0,40,10,0.1,0,0,2,0,0.0,0,"Vegan, Vegetarian, Avoiding Gluten, Onion"
Stetson_East,Dinner,SOUP,Oatmeal,,1 ladle-4oz,"Water, Oatmeal, Salt",90,3,16,0,2,0,0,2,95,90,10,1.2,0.0,0,0,20,0,0,"Vegan, Vegetarian, Gluten, Wheat"
Stetson_East,Dinner,SOUP,Hard Boiled Eggs,,2 each,"Waters, Egg",130,11,0.0,0,8,3,325,0,125,120,50,1.5,0,70,0,80,0,5,"Vegetarian, Avoiding Gluten, Good Source of Protein, Egg"
Stetson_East,Dinner,SOUP,Cinnamon Sugar,"cinnamon, sugar, brown sugar mix",1 ounce,"Sugar, Brown Sugar (sugar, cane syrups), Cinnamon",110,0,28,25,0,0,0,2,0,20,40,0.3,0.0,0,0,0,0.0,0,"Vegan, Vegetarian, Avoiding Gluten"
Stetson_East,Dinner,SOUP,Brown Sugar Topping,,1 cup,"Brown Sugar (sugar, cane syrups), Sugar",800,0,208,207,0,0,0,0,30,150,90,0.8,0.0,0,0,0,0.0,0,"Vegan, Vegetarian, Avoiding Gluten"
Stetson_East,Dinner,FRESH 52 B,Grapefruit,,1 half,Ruby Red Grapefruit,35,0.0,9,6,0,0,0,1,0,110,20,0.1,0,0,26,0,0.0,0,"Vegan, Vegetarian, Avoiding Gluten, How Good Friendly"
Stetson_East,Dinner,FRESH 52 B,Watermelon,,1 wedge,Watermelon,90,2,22,18,0,0,0,1,0,330,20,0.7,0,0,24,0,0.0,0,"Vegan, Vegetarian, Avoiding Gluten"
Stetson_East,Dinner,FRESH 52 B,Red Seedless Grapes,,1/4 cup,Grapes,25,0,7,6,0,0,0,0,0,80,0,0.1,0,0,1,0,0.0,0,"Vegan, Vegetarian, Avoiding Gluten"
Stetson_East,Dinner,FRESH 52 B,Cubed Pineapple,,1/4 cup,Pineapple,20,0,5,4,0,0,0,0.0,0,40,10,0.1,0,0,20,0,0.0,0,"Vegan, Vegetarian, Avoiding Gluten"
Stetson_East,Dinner,FRESH 52 B,Cubed Cantaloupe,,1/4 cup,Cantaloupe,15,0,3,3,0,0,0,0,5,110,0,0.1,0,0,15,0,0.0,0,"Vegan, Vegetarian, Avoiding Gluten, How Good Friendly"
Stetson_East,Dinner,FRESH 52 B,Cubed Honeydew,,1/4 cup,Honeydew Melon,15,0,4,3,0,0,0,0,10,100,0,0.1,0,0,8,0,0.0,0,"Vegan, Vegetarian, Avoiding Gluten, How Good Friendly"
Stetson_East,Dinner,FRESH 52 B,Fat Free Cottage Cheese,,1/4 cup,Fat Free Cottage Cheese,25,4,2,0.0,0,0,0.0,0,135,50,30,0.1,0.0,0,0,0,0.0,0,"Vegetarian, Milk, MSG*"
Stetson_East,Dinner,FRESH 52 B,Low Fat Plain Yogurt,,1/4 cup,Low Fat Yogurt,30,3,4,3,0.5,0,0.0,0,40,120,90,0,0,25,0.0,0,0.0,0,"Vegetarian, Avoiding Gluten, Milk"
Stetson_East,Dinner,FRESH 52 B,Low-Fat Blueberry Yogurt,,1/4 cup,Low Fat Blueberry Yogurt,35,1,7,5,0,0,0,0,20,60,40,0,0,30,0.0,0,0.0,0,"Vegetarian, Avoiding Gluten, Milk"
Stetson_East,Dinner,FRESH 52 B,Blueberries,,1 ounce,Blueberries,15,0,3,2,0,0,0,0.0,0,20,0,0.1,0,0,1,0,0.0,0,"Vegan, Vegetarian, Avoiding Gluten"
Stetson_East,Dinner,FRESH 52 B,Oats 'n Honey Granola,,1 ounce,Granola,130,2,20,7,4.5,0.5,0,1,100,60,0,0.6,0,0,0,45,0,0,"Vegetarian, Wheat, Soy, Gluten*"
Stetson_East,Dinner,FRESH 52 B,Cream Cheese,,1 ounce,Cream Cheese,100,2,2,1,10,6,30,0,90,40,30,0,0,0,0,90,0.0,5,"Vegetarian, Avoiding Gluten, Milk"
Stetson_East,Dinner,FRESH 52 B,Maple Honey Cream Cheese,Maple Honey Cream Cheese,1 ounce,"Cream Cheese, Honey, Maple Extract",100,2,3,3,9,5,25,0,80,40,20,0,0.0,0,0,80,0.0,5,"Vegetarian, Milk, Sulphites, Gluten*, Wheat*, Alcohol"
Stetson_East,Dinner,FRESH 52 B,Strawberry Cream Cheese,Laced with sweet strawberries,1 ounce,"Cream Cheese, Strawberry Preserves",100,1,4,3,8,5,25,0,75,30,20,0,0,0,0,80,0.0,5,"Vegetarian, Milk, Gluten*, MSG*, Strawberry"
Stetson_East,Dinner,FRESH 52 B,Butter PC,,1 each,Butter,70,0,0,0,8,4.5,25,0,60,0,0,0,0,0,0,70,0.0,5,"Vegetarian, Avoiding Gluten, Milk"
Stetson_East,Dinner,FRESH 52 B,"Margarine, Smart Balance, 5g",Margarine,1 each,"INGREDIENTS: NATURAL OIL BLEND (PALM FRUIT, SOYBEAN, CANOLA, FLAXSEED AND OLIVE OILS), WATER, CONTAINS LESS THAN 2% SALT, SORBITAN ESTER OF VEGETABLE FATTY ACIDS, MONOGLYCERIDE OF VEGETABLE FATTY ACIDS, SOYBEAN LECITHIN, POTASSIUM SORBATE, TBHQ AND CALCIUM DISODIUM EDTA TO PROTECT FRESHNESS, NATURAL AND ARTIFICIAL FLAVOR, LACTIC ACID, VITAMIN A PALMITATE, BETA-CAROTENE COLOR AND VITAMIN E ACETATE. CONTAINS: SOYBEAN.",30,0,0,0,3,1,0,0,30,0,0,0,0,0,0,30,35,0,"Vegan, Vegetarian, Avoiding Gluten, Soy"
Stetson_East,Dinner,FRESH 52 B,"Jelly, Assorted (Grape, Strawberry, Mixed Fruit), Smuckers",,1 each,"Concord Grape Jelly: Concord Grape Juice, High Fructose Corn Syrup, Corn Syrup, Fruit Pectin, Citric Acid, Sodium Citrate.
Strawberry Jam: Strawberries, High Fructose Corn Syrup, Corn Syrup, Sugar, Fruit Pectin, Citric Acid.
Mixed Fruit Jelly: High Fructose Corn Syrup, Corn Syrup, Grape Juice, Apple Juice, Fruit Pectin, Citric Acid. 
Manufacturer will not declare gluten free ",35,0,9,8,0,0,0,0,5,0.0,0.0,0.0,0,0.0,0.0,0,0.0,0,"Gluten*, Strawberry"
Stetson_East,Dinner,FRESH 52 B,"Peanut Butter, .75 oz, Jif",,1 each,"INGREDIENTS: MADE FROM ROASTED PEANUTS AND SUGAR, CONTAINS 2% OR LESS OF: MOLASSES, FULLY HYDROGENATED VEGETABLE OILS (RAPESEED AND SOYBEAN), MONO AND DIGLYCERIDES, SALT. Gluten Free. ALLERGENS: Peanuts. ",120,4,5,2,10,2,0,2,90,120,10,0.3,0,0,0.0,90,0.0,0,"Vegan, Vegetarian, Avoiding Gluten, Peanuts"
Stetson_East,Dinner,FRESH 52 B,Nutella,,3/4 ounce,Chocolate Hazelnut Spread,110,1,13,12,6,2.5,0.0,0.0,10,100,20,0.6,0,0,0.0,60,0.0,0,"Vegetarian, Avoiding Gluten, Milk, Soy, Tree Nuts"
Stetson_East,Dinner,FRESH 52 B,Dried Cranberries,,1 tbsp,Cranberries,30,0,8,7,0,0,0,0,0,0,0,0,0,0,0,0,0.0,0,"Vegan, Vegetarian, Avoiding Gluten"
Stetson_East,Dinner,FRESH 52 B,Raisins,,1 tbsp,Raisins,25,0,7,6,0,0,0,0,0,70,10,0.2,0,0,0,0,0.0,0,"Vegan, Vegetarian, Avoiding Gluten"
Stetson_East,Dinner,FRESH 52 B,Roasted Sunflower Seeds,,1 tbsp,Sunflower Seeds,45,2,2,0,4,0,0,0.0,0,70,10,0.3,0.0,0,0,35,0.0,0,"Vegan, Vegetarian, Avoiding Gluten"
Stetson_East,Dinner,SWEET SHOPPE,Plain Bagel,,1 each,Plain Bagel,300,9,60,4,2,0,0,2,300,0.0,100,3.8,0,0,0.0,20,0.0,0,"Vegan, Vegetarian, Gluten, Wheat, Good Source of Protein, Soy"
Stetson_East,Dinner,SWEET SHOPPE,Cinnamon Raisin Bagel,,1 each,Cinnamon Raisin Bagel,330,11,66,14,2,0.5,0,3,460,150,40,3.4,0,0,0.0,20,0.0,0,"Vegan, Vegetarian, Gluten, Wheat, Good Source of Protein, Soy, Sesame"
Stetson_East,Dinner,SWEET SHOPPE,Everything Bagel,,1 each,Everything Bagel,310,11,61,6,2.5,0,0,3,570,120,60,4,0,0,5,25,20,0,"Garlic, Vegan, Vegetarian, Gluten, Wheat, Good Source of Protein, Soy*, Sulphites, Onion, Sesame"
Stetson_East,Dinner,SWEET SHOPPE,Mini Croissant,,1 each,Croissant,90,1,11,1,4.5,2.5,10,0,90,10,0,0.2,0,0,0.0,40,0.0,5,"Vegetarian, Gluten, Milk, Wheat, Egg, Tree Nuts*"
Stetson_East,Dinner,SWEET SHOPPE,Blueberry Muffin,Sweet blueberries in a fluffy cake.,1 each,"Muffin Mix, Water, Blueberries, All Purpose Flour",360,3,63,33,10,4.5,0,1,530,70,60,2.1,0.0,0,0,90,0,5,"Vegetarian, Egg*, Gluten, Milk, Wheat, Soy"
Stetson_East,Dinner,SWEET SHOPPE,Assorted Mini Danishes,"Assortment of apple, cheese, raspberry, or cinnamon raisin",1 each,Demi Danish,110,2,16,7,5,2.5,0.0,0.0,135,10,10,1,0,0,0.0,45,0.0,0,"Vegetarian, Gluten, Milk, Wheat, Sulphites, Soy, Egg"
Stetson_East,Dinner,SWEET SHOPPE,Powdered Donut Hole,Donut Hole Powdered Sugar,3 each,"Plain Donut Hole, Powdered Sugar",160,2,18,8,9,4.5,5,0,220,30,0,0.9,0.0,0,0,80,0,5,"Vegetarian, Gluten, Milk, Wheat, Soy, Egg"
Stetson_East,Dinner,SWEET SHOPPE,Cinnamon Twist ,Twisted Puffed Pastry Dusted with Cinnamon Sugar,1 each,"Bread Flour, Sugar, Cinnamon, Water, Brown Sugar (sugar, cane syrups), Butter, Canola Oil, Salt, Active Yeast",60,0.0,12,5,1.5,0.5,0.0,1,60,20,20,0.5,0.0,0,0,10,0,0,"Vegetarian, Gluten, Milk, Wheat"
IV,Breakfast,SWEETS AT THE TABLE,Mini Croissant,,1 each,Croissant,90,1,11,1,4.5,2.5,10,0,90,10,0,0.2,0,0,0.0,40,0.0,5,"Vegetarian, Gluten, Milk, Wheat, Egg, Tree Nuts*"
IV,Breakfast,SWEETS AT THE TABLE,Blueberry Muffin,Sweet blueberries in a fluffy cake.,1 each,"Muffin Mix, Water, Blueberries, All Purpose Flour",360,3,63,33,10,4.5,0,1,530,70,60,2.1,0.0,0,0,90,0,5,"Vegetarian, Egg*, Gluten, Milk, Wheat, Soy"
IV,Breakfast,SWEETS AT THE TABLE,Assorted Mini Danishes,"Assortment of apple, cheese, raspberry, or cinnamon raisin",1 each,Demi Danish,110,2,16,7,5,2.5,0.0,0.0,135,10,10,1,0,0,0.0,45,0.0,0,"Vegetarian, Gluten, Milk, Wheat, Sulphites, Soy, Egg"
IV,Breakfast,SWEETS AT THE TABLE,Cranberry Orange Scone,,1 each,Cranberry Orange Scone Dough,360,5,50,23,16,8,0,2,340,150,70,1.9,0,0,0.0,140,0.0,10,"Vegetarian, Gluten, Milk, Wheat, Orange"
IV,Breakfast,SWEETS AT THE TABLE,S'mores Doughnuts,"Toasted marshmalow, graham cracker crumbs, and chocolate ganache glazed doughnuts",1 each,"Homestyle Doughnut, Whipping Cream, Graham Cracker, Marshmallows, Semi Sweet Chocolate Chips",430,6,54,19,22,11,20,2,330,130,30,2.8,0,10,0,200,15,10,"Egg*, Gluten, Milk, Wheat, Beef*, Soy, Pork*"
IV,Breakfast,SWEETS AT THE TABLE,Cinnamon Twist ,Twisted Puffed Pastry Dusted with Cinnamon Sugar,1 each,"Bread Flour, Sugar, Cinnamon, Water, Brown Sugar (sugar, cane syrups), Butter, Canola Oil, Salt, Active Yeast",60,0.0,12,5,1.5,0.5,0.0,1,60,20,20,0.5,0.0,0,0,10,0,0,"Vegetarian, Gluten, Milk, Wheat"
IV,Breakfast,SOUP (IV),Oatmeal,,4 ounce,"Water, Oatmeal, Salt",80,3,14,0,1.5,0,0,2,80,80,10,1,0.0,0,0,15,0,0,"Vegan, Vegetarian, Gluten, Wheat"
IV,Breakfast,SOUP (IV),White Rice,Lightly seasoned,4 ounce,"Water, Long Grain White Rice, Water, Vegetable Broth Concentrate",140,3,31,0.0,0,0,0,0.0,75,80,30,1.2,0.0,0,0,0,0,0,"Mushroom, Vegan, Vegetarian, Tomato, Onion, Celery"
IV,Breakfast,SOUP (IV),Hard Boiled Egg,,1 each,Egg,70,6,0,0,4.5,1.5,165,0,55,60,20,0.5,0.0,40,0,40,0.0,0,"Vegetarian, Avoiding Gluten, Egg"
IV,Breakfast,SOUP (IV),Pancake and Waffle Syrup,,3 ladle-1oz,Pancake & Waffle Syrup,280,0,72,25,0,0,0,0,95,20,0,0,0.0,0,0,0,0.0,0,"Vegan, Vegetarian, Gluten"
IV,Breakfast,ASIAN KITCHEN,Eggs,,2 ounce,Liquid Egg,80,7,0,0,5,2,210,0,80,80,30,1,0,45,0,50,0.0,0,"Vegetarian, Avoiding Gluten, Good Source of Protein, Egg"
IV,Breakfast,ASIAN KITCHEN,Eggs Your Way,,1 each,Egg,60,6,0,0,4,1.5,165,0,60,60,20,0.8,0,35,0,40,0.0,0,"Vegetarian, Avoiding Gluten, Egg"
IV,Breakfast,ASIAN KITCHEN,Egg Whites,two egg whites made-to-order,2 ounce,Liquid Egg White,30,6,0,0,0,0,0,0,95,90,0,0,0.0,0,0,0,0.0,0,"Vegetarian, Avoiding Gluten, Egg"
IV,Breakfast,ASIAN KITCHEN,Chopped Green Bell Pepper,,1 ounce,Green Bell Peppers,5,0,1,0.0,0,0,0,0,0,50,0,0.1,0,0,23,0,0.0,0,"Vegan, Vegetarian, Avoiding Gluten"
IV,Breakfast,ASIAN KITCHEN, Diced Onions,,1 ounce,Onions,10,0,3,1,0,0,0,0,0,40,10,0.1,0,0,2,0,0.0,0,"Vegan, Vegetarian, Avoiding Gluten, Onion"
IV,Breakfast,ASIAN KITCHEN,Diced Tomatoes,,1 ounce,Tomatoes,5,0,1,0.0,0,0,0,0,0,70,0,0.1,0,0,4,0,0.0,0,"Vegan, Vegetarian, Avoiding Gluten, Tomato"
IV,Breakfast,ASIAN KITCHEN,Sliced Mushrooms,,1 ounce,Mushrooms,5,0.0,0.0,0.0,0,0,0,0,0,90,0,0.1,0,0,1,0,0.0,0,"Mushroom, Vegan, Vegetarian, Avoiding Gluten, How Good Friendly"
IV,Breakfast,ASIAN KITCHEN,Baby Spinach,,4 ounce,Spinach,25,3,4,0,0,0,0,2,90,630,110,3.1,0,0,32,0,0.0,0,"Vegan, Vegetarian, Avoiding Gluten, How Good Friendly"
IV,Breakfast,ASIAN KITCHEN,Sliced Tofu,,1 ounce,Tofu,20,2,0.0,0,1.5,0,0,0,0,30,100,1.5,0,0,0,10,0.0,0,"Vegan, Vegetarian, Avoiding Gluten, Soy"
IV,Breakfast,ASIAN KITCHEN,Shredded Cheddar Cheese,,1 ounce,Cheddar Cheese,110,6,0.0,0,9,5,30,0,190,20,200,0,0.0,5,0,80,0.0,5,"Vegetarian, Avoiding Gluten, Milk"
IV,Breakfast,ASIAN KITCHEN,Diced Bacon,,4 ounce,Bacon,530,38,2,0,40,14,110,0,1910,570,10,1.1,0,20,0,360,0.0,15,"Good Source of Protein, Pork, Gluten*"
IV,Breakfast,ASIAN KITCHEN,Diced Ham,,1 ounce,Ham,35,4,2,0.0,1,0,15,0,360,200,0,0.2,0,170,0,10,0,0,"Pork, Gluten*"
IV,Breakfast,ASIAN KITCHEN,Pork Sausage Patty,,1 ounce,Pork Sausage,80,4,0,0,7,2.5,20,0,170,80,10,0.3,0,0.0,0,70,0.0,0,"Avoiding Gluten, Celery*, Mustard*, Pork, MSG"
IV,Breakfast,UNITED KITCHEN,Scrambled Egg,Cooked to perfection.,1/2 cup,"Liquid Egg, Margarine, Salt, Black Pepper",170,14,0.0,0,12,3.5,405,0,610,150,60,1.9,0,90,0,110,15,5,"Vegetarian, Avoiding Gluten, Good Source of Protein, Soy, Egg"
IV,Breakfast,UNITED KITCHEN,Tater Tots,Crispy tater puffs,1/2 cup,Tater Tot Potatoes,140,1,18,0,8,1,0,1,400,270,0,0,0,0,0.0,70,0.0,0,"How Good Friendly, Soy, Gluten*"
IV,Breakfast,UNITED KITCHEN,Pork Sausage Link,,1 each,Pork Sausage,100,3,0,0,9,3,20,0,220,50,0,0.2,0,10,0,90,0.0,5,"Avoiding Gluten, Beef*, Celery*, Mustard*, Pork, Milk*"
IV,Breakfast,UNITED KITCHEN,Churro French Toast Sticks,Crunchy French toast sticks with cinnamon and sugar,3 each,"French Toast, Sugar, Cinnamon",370,4,54,31,16,2.5,0,1,290,70,70,1.8,1.5,0,0,140,0,5,"Gluten, Milk, Wheat, Beef*, Soy, Egg, Pork*"
IV,Breakfast,UNITED KITCHEN,Pancake and Waffle Syrup,,1 ladle-1oz,Pancake & Waffle Syrup,90,0,24,8,0,0,0,0,30,10,0,0,0.0,0,0,0,0.0,0,"Vegan, Vegetarian, Gluten"
IV,Breakfast,FUSION GRILL,Cheesy Tofu Fajita Scramble," Chili flavored tofu scrambled with sauteed pepper, onions and tomatoes topped with melted cheddar cheese",1/2 cup,"Tofu, Green Bell Peppers, Tomatoes, Soy Sauce, Canola Oil, Green Onions, Cheddar Cheese, Garlic, Chili Powder (Chili Pepper, Salt, Cumin, Oregano, Silicon Dioxide, Garlic), Turmeric",120,10,4,0,8,1,0,3,230,160,150,1.9,0.0,0,7,70,0.0,0,"Garlic, Vegetarian, How Good Friendly, Gluten, Milk, Wheat, Good Source of Protein, Tomato, Onion, Soy"
IV,Breakfast,FUSION GRILL,Tri-Color Quinoa Blend,"Perfectly blended white, red and black quinoa combine for a unique texture, complex flavor profile and stunning visual presentation.",1 cup,"Water, Tri-Color Quinoa, Vegetable Base, Salt",200,7,39,4,2,0,0,4,400,340,20,2.5,0,0,0,20,0,0,"Vegan, Vegetarian, Avoiding Gluten, Good Source of Protein, Onion, Celery"
IV,Breakfast,FUSION GRILL,English Breakfast Baked Beans,Traditional tomato baked beans with maple and spices,1/2 cup,"Cannellini Beans (White Kidney Beans, Water, Salt, Calcium Chloride, Disodium Edta), Tomato puree (tomato puree, water, tomato paste, citric acid), Onions, Maple Syrup, Tomato paste (tomato paste, salt, citric acid), Canola Oil, Worcestershire Sauce with Anchovies, Garlic, Salt, Paprika (Paprika and Silicon Dioxide), Black Pepper, Thyme",180,8,29,7,4,0,0,6,380,560,70,2.4,0.0,0,6,35,5,0,"Garlic, Avoiding Gluten, Good Source of Protein, Mustard*, Tomato, Onion, Soy, Fish"
IV,Breakfast,FUSION GRILL,Roasted Tomatoes,Oven roasted tomatoes with herbs,2 each,"Tomatoes, Canola Oil, Basil, Garlic, Salt, Black Pepper, Chives",35,1,5,3,1.5,0,0,1,190,270,10,0.4,0,0,16,15,0.0,0,"Garlic, Vegan, Vegetarian, Avoiding Gluten, How Good Friendly, Tomato"
IV,Breakfast,FUSION GRILL,Meatless Vegetarian Sausage Patty,,1 each,Meatless Sausage,70,9,4,0.0,2.5,0,0,0.0,250,100,0,1.6,0,0,0,20,0,0,"Vegetarian, Gluten, Milk, Wheat, Good Source of Protein, Celery*, Mustard*, Onion, Soy, Egg, MSG*"
IV,Lunch,SWEETS AT THE TABLE,Mini Croissant,,1 each,Croissant,90,1,11,1,4.5,2.5,10,0,90,10,0,0.2,0,0,0.0,40,0.0,5,"Vegetarian, Gluten, Milk, Wheat, Egg, Tree Nuts*"
IV,Lunch,SWEETS AT THE TABLE,Blueberry Muffin,Sweet blueberries in a fluffy cake.,1 each,"Muffin Mix, Water, Blueberries, All Purpose Flour",360,3,63,33,10,4.5,0,1,530,70,60,2.1,0.0,0,0,90,0,5,"Vegetarian, Egg*, Gluten, Milk, Wheat, Soy"
IV,Lunch,SWEETS AT THE TABLE,Assorted Mini Danishes,"Assortment of apple, cheese, raspberry, or cinnamon raisin",1 each,Demi Danish,110,2,16,7,5,2.5,0.0,0.0,135,10,10,1,0,0,0.0,45,0.0,0,"Vegetarian, Gluten, Milk, Wheat, Sulphites, Soy, Egg"
IV,Lunch,SWEETS AT THE TABLE,Cranberry Orange Scone,,1 each,Cranberry Orange Scone Dough,360,5,50,23,16,8,0,2,340,150,70,1.9,0,0,0.0,140,0.0,10,"Vegetarian, Gluten, Milk, Wheat, Orange"
IV,Lunch,SWEETS AT THE TABLE,S'mores Doughnuts,"Toasted marshmalow, graham cracker crumbs, and chocolate ganache glazed doughnuts",1 each,"Homestyle Doughnut, Whipping Cream, Graham Cracker, Marshmallows, Semi Sweet Chocolate Chips",430,6,54,19,22,11,20,2,330,130,30,2.8,0,10,0,200,15,10,"Egg*, Gluten, Milk, Wheat, Beef*, Soy, Pork*"
IV,Lunch,SWEETS AT THE TABLE,Cinnamon Twist ,Twisted Puffed Pastry Dusted with Cinnamon Sugar,1 each,"Bread Flour, Sugar, Cinnamon, Water, Brown Sugar (sugar, cane syrups), Butter, Canola Oil, Salt, Active Yeast",60,0.0,12,5,1.5,0.5,0.0,1,60,20,20,0.5,0.0,0,0,10,0,0,"Vegetarian, Gluten, Milk, Wheat"
IV,Lunch,SOUP (IV),Oatmeal,,4 ounce,"Water, Oatmeal, Salt",80,3,14,0,1.5,0,0,2,80,80,10,1,0.0,0,0,15,0,0,"Vegan, Vegetarian, Gluten, Wheat"
IV,Lunch,SOUP (IV),White Rice,Lightly seasoned,4 ounce,"Water, Long Grain White Rice, Water, Vegetable Broth Concentrate",140,3,31,0.0,0,0,0,0.0,75,80,30,1.2,0.0,0,0,0,0,0,"Mushroom, Vegan, Vegetarian, Tomato, Onion, Celery"
IV,Lunch,SOUP (IV),Hard Boiled Egg,,1 each,Egg,70,6,0,0,4.5,1.5,165,0,55,60,20,0.5,0.0,40,0,40,0.0,0,"Vegetarian, Avoiding Gluten, Egg"
IV,Lunch,SOUP (IV),Pancake and Waffle Syrup,,3 ladle-1oz,Pancake & Waffle Syrup,280,0,72,25,0,0,0,0,95,20,0,0,0.0,0,0,0,0.0,0,"Vegan, Vegetarian, Gluten"
IV,Lunch,ASIAN KITCHEN,Eggs,,2 ounce,Liquid Egg,80,7,0,0,5,2,210,0,80,80,30,1,0,45,0,50,0.0,0,"Vegetarian, Avoiding Gluten, Good Source of Protein, Egg"
IV,Lunch,ASIAN KITCHEN,Eggs Your Way,,1 each,Egg,60,6,0,0,4,1.5,165,0,60,60,20,0.8,0,35,0,40,0.0,0,"Vegetarian, Avoiding Gluten, Egg"
IV,Lunch,ASIAN KITCHEN,Egg Whites,two egg whites made-to-order,2 ounce,Liquid Egg White,30,6,0,0,0,0,0,0,95,90,0,0,0.0,0,0,0,0.0,0,"Vegetarian, Avoiding Gluten, Egg"
IV,Lunch,ASIAN KITCHEN,Chopped Green Bell Pepper,,1 ounce,Green Bell Peppers,5,0,1,0.0,0,0,0,0,0,50,0,0.1,0,0,23,0,0.0,0,"Vegan, Vegetarian, Avoiding Gluten"
IV,Lunch,ASIAN KITCHEN, Diced Onions,,1 ounce,Onions,10,0,3,1,0,0,0,0,0,40,10,0.1,0,0,2,0,0.0,0,"Vegan, Vegetarian, Avoiding Gluten, Onion"
IV,Lunch,ASIAN KITCHEN,Diced Tomatoes,,1 ounce,Tomatoes,5,0,1,0.0,0,0,0,0,0,70,0,0.1,0,0,4,0,0.0,0,"Vegan, Vegetarian, Avoiding Gluten, Tomato"
IV,Lunch,ASIAN KITCHEN,Sliced Mushrooms,,1 ounce,Mushrooms,5,0.0,0.0,0.0,0,0,0,0,0,90,0,0.1,0,0,1,0,0.0,0,"Mushroom, Vegan, Vegetarian, Avoiding Gluten, How Good Friendly"
IV,Lunch,ASIAN KITCHEN,Baby Spinach,,4 ounce,Spinach,25,3,4,0,0,0,0,2,90,630,110,3.1,0,0,32,0,0.0,0,"Vegan, Vegetarian, Avoiding Gluten, How Good Friendly"
IV,Lunch,ASIAN KITCHEN,Sliced Tofu,,1 ounce,Tofu,20,2,0.0,0,1.5,0,0,0,0,30,100,1.5,0,0,0,10,0.0,0,"Vegan, Vegetarian, Avoiding Gluten, Soy"
IV,Lunch,ASIAN KITCHEN,Shredded Cheddar Cheese,,1 ounce,Cheddar Cheese,110,6,0.0,0,9,5,30,0,190,20,200,0,0.0,5,0,80,0.0,5,"Vegetarian, Avoiding Gluten, Milk"
IV,Lunch,ASIAN KITCHEN,Diced Bacon,,4 ounce,Bacon,530,38,2,0,40,14,110,0,1910,570,10,1.1,0,20,0,360,0.0,15,"Good Source of Protein, Pork, Gluten*"
IV,Lunch,ASIAN KITCHEN,Diced Ham,,1 ounce,Ham,35,4,2,0.0,1,0,15,0,360,200,0,0.2,0,170,0,10,0,0,"Pork, Gluten*"
IV,Lunch,ASIAN KITCHEN,Pork Sausage Patty,,1 ounce,Pork Sausage,80,4,0,0,7,2.5,20,0,170,80,10,0.3,0,0.0,0,70,0.0,0,"Avoiding Gluten, Celery*, Mustard*, Pork, MSG"
IV,Lunch,UNITED KITCHEN,Scrambled Egg,Cooked to perfection.,1/2 cup,"Liquid Egg, Margarine, Salt, Black Pepper",170,14,0.0,0,12,3.5,405,0,610,150,60,1.9,0,90,0,110,15,5,"Vegetarian, Avoiding Gluten, Good Source of Protein, Soy, Egg"
IV,Lunch,UNITED KITCHEN,Tater Tots,Crispy tater puffs,1/2 cup,Tater Tot Potatoes,140,1,18,0,8,1,0,1,400,270,0,0,0,0,0.0,70,0.0,0,"How Good Friendly, Soy, Gluten*"
IV,Lunch,UNITED KITCHEN,Pork Sausage Link,,1 each,Pork Sausage,100,3,0,0,9,3,20,0,220,50,0,0.2,0,10,0,90,0.0,5,"Avoiding Gluten, Beef*, Celery*, Mustard*, Pork, Milk*"
IV,Lunch,UNITED KITCHEN,Churro French Toast Sticks,Crunchy French toast sticks with cinnamon and sugar,3 each,"French Toast, Sugar, Cinnamon",370,4,54,31,16,2.5,0,1,290,70,70,1.8,1.5,0,0,140,0,5,"Gluten, Milk, Wheat, Beef*, Soy, Egg, Pork*"
IV,Lunch,UNITED KITCHEN,Pancake and Waffle Syrup,,1 ladle-1oz,Pancake & Waffle Syrup,90,0,24,8,0,0,0,0,30,10,0,0,0.0,0,0,0,0.0,0,"Vegan, Vegetarian, Gluten"
IV,Lunch,FUSION GRILL,Cheesy Tofu Fajita Scramble," Chili flavored tofu scrambled with sauteed pepper, onions and tomatoes topped with melted cheddar cheese",1/2 cup,"Tofu, Green Bell Peppers, Tomatoes, Soy Sauce, Canola Oil, Green Onions, Cheddar Cheese, Garlic, Chili Powder (Chili Pepper, Salt, Cumin, Oregano, Silicon Dioxide, Garlic), Turmeric",120,10,4,0,8,1,0,3,230,160,150,1.9,0.0,0,7,70,0.0,0,"Garlic, Vegetarian, How Good Friendly, Gluten, Milk, Wheat, Good Source of Protein, Tomato, Onion, Soy"
IV,Lunch,FUSION GRILL,Tri-Color Quinoa Blend,"Perfectly blended white, red and black quinoa combine for a unique texture, complex flavor profile and stunning visual presentation.",1 cup,"Water, Tri-Color Quinoa, Vegetable Base, Salt",200,7,39,4,2,0,0,4,400,340,20,2.5,0,0,0,20,0,0,"Vegan, Vegetarian, Avoiding Gluten, Good Source of Protein, Onion, Celery"
IV,Lunch,FUSION GRILL,English Breakfast Baked Beans,Traditional tomato baked beans with maple and spices,1/2 cup,"Cannellini Beans (White Kidney Beans, Water, Salt, Calcium Chloride, Disodium Edta), Tomato puree (tomato puree, water, tomato paste, citric acid), Onions, Maple Syrup, Tomato paste (tomato paste, salt, citric acid), Canola Oil, Worcestershire Sauce with Anchovies, Garlic, Salt, Paprika (Paprika and Silicon Dioxide), Black Pepper, Thyme",180,8,29,7,4,0,0,6,380,560,70,2.4,0.0,0,6,35,5,0,"Garlic, Avoiding Gluten, Good Source of Protein, Mustard*, Tomato, Onion, Soy, Fish"
IV,Lunch,FUSION GRILL,Roasted Tomatoes,Oven roasted tomatoes with herbs,2 each,"Tomatoes, Canola Oil, Basil, Garlic, Salt, Black Pepper, Chives",35,1,5,3,1.5,0,0,1,190,270,10,0.4,0,0,16,15,0.0,0,"Garlic, Vegan, Vegetarian, Avoiding Gluten, How Good Friendly, Tomato"
IV,Lunch,FUSION GRILL,Meatless Vegetarian Sausage Patty,,1 each,Meatless Sausage,70,9,4,0.0,2.5,0,0,0.0,250,100,0,1.6,0,0,0,20,0,0,"Vegetarian, Gluten, Milk, Wheat, Good Source of Protein, Celery*, Mustard*, Onion, Soy, Egg, MSG*"
IV,Dinner,SWEETS AT THE TABLE,Mini Croissant,,1 each,Croissant,90,1,11,1,4.5,2.5,10,0,90,10,0,0.2,0,0,0.0,40,0.0,5,"Vegetarian, Gluten, Milk, Wheat, Egg, Tree Nuts*"
IV,Dinner,SWEETS AT THE TABLE,Blueberry Muffin,Sweet blueberries in a fluffy cake.,1 each,"Muffin Mix, Water, Blueberries, All Purpose Flour",360,3,63,33,10,4.5,0,1,530,70,60,2.1,0.0,0,0,90,0,5,"Vegetarian, Egg*, Gluten, Milk, Wheat, Soy"
IV,Dinner,SWEETS AT THE TABLE,Assorted Mini Danishes,"Assortment of apple, cheese, raspberry, or cinnamon raisin",1 each,Demi Danish,110,2,16,7,5,2.5,0.0,0.0,135,10,10,1,0,0,0.0,45,0.0,0,"Vegetarian, Gluten, Milk, Wheat, Sulphites, Soy, Egg"
IV,Dinner,SWEETS AT THE TABLE,Cranberry Orange Scone,,1 each,Cranberry Orange Scone Dough,360,5,50,23,16,8,0,2,340,150,70,1.9,0,0,0.0,140,0.0,10,"Vegetarian, Gluten, Milk, Wheat, Orange"
IV,Dinner,SWEETS AT THE TABLE,S'mores Doughnuts,"Toasted marshmalow, graham cracker crumbs, and chocolate ganache glazed doughnuts",1 each,"Homestyle Doughnut, Whipping Cream, Graham Cracker, Marshmallows, Semi Sweet Chocolate Chips",430,6,54,19,22,11,20,2,330,130,30,2.8,0,10,0,200,15,10,"Egg*, Gluten, Milk, Wheat, Beef*, Soy, Pork*"
IV,Dinner,SWEETS AT THE TABLE,Cinnamon Twist ,Twisted Puffed Pastry Dusted with Cinnamon Sugar,1 each,"Bread Flour, Sugar, Cinnamon, Water, Brown Sugar (sugar, cane syrups), Butter, Canola Oil, Salt, Active Yeast",60,0.0,12,5,1.5,0.5,0.0,1,60,20,20,0.5,0.0,0,0,10,0,0,"Vegetarian, Gluten, Milk, Wheat"
IV,Dinner,SOUP (IV),Oatmeal,,4 ounce,"Water, Oatmeal, Salt",80,3,14,0,1.5,0,0,2,80,80,10,1,0.0,0,0,15,0,0,"Vegan, Vegetarian, Gluten, Wheat"
IV,Dinner,SOUP (IV),White Rice,Lightly seasoned,4 ounce,"Water, Long Grain White Rice, Water, Vegetable Broth Concentrate",140,3,31,0.0,0,0,0,0.0,75,80,30,1.2,0.0,0,0,0,0,0,"Mushroom, Vegan, Vegetarian, Tomato, Onion, Celery"
IV,Dinner,SOUP (IV),Hard Boiled Egg,,1 each,Egg,70,6,0,0,4.5,1.5,165,0,55,60,20,0.5,0.0,40,0,40,0.0,0,"Vegetarian, Avoiding Gluten, Egg"
IV,Dinner,SOUP (IV),Pancake and Waffle Syrup,,3 ladle-1oz,Pancake & Waffle Syrup,280,0,72,25,0,0,0,0,95,20,0,0,0.0,0,0,0,0.0,0,"Vegan, Vegetarian, Gluten"
IV,Dinner,ASIAN KITCHEN,Eggs,,2 ounce,Liquid Egg,80,7,0,0,5,2,210,0,80,80,30,1,0,45,0,50,0.0,0,"Vegetarian, Avoiding Gluten, Good Source of Protein, Egg"
IV,Dinner,ASIAN KITCHEN,Eggs Your Way,,1 each,Egg,60,6,0,0,4,1.5,165,0,60,60,20,0.8,0,35,0,40,0.0,0,"Vegetarian, Avoiding Gluten, Egg"
IV,Dinner,ASIAN KITCHEN,Egg Whites,two egg whites made-to-order,2 ounce,Liquid Egg White,30,6,0,0,0,0,0,0,95,90,0,0,0.0,0,0,0,0.0,0,"Vegetarian, Avoiding Gluten, Egg"
IV,Dinner,ASIAN KITCHEN,Chopped Green Bell Pepper,,1 ounce,Green Bell Peppers,5,0,1,0.0,0,0,0,0,0,50,0,0.1,0,0,23,0,0.0,0,"Vegan, Vegetarian, Avoiding Gluten"
IV,Dinner,ASIAN KITCHEN, Diced Onions,,1 ounce,Onions,10,0,3,1,0,0,0,0,0,40,10,0.1,0,0,2,0,0.0,0,"Vegan, Vegetarian, Avoiding Gluten, Onion"
IV,Dinner,ASIAN KITCHEN,Diced Tomatoes,,1 ounce,Tomatoes,5,0,1,0.0,0,0,0,0,0,70,0,0.1,0,0,4,0,0.0,0,"Vegan, Vegetarian, Avoiding Gluten, Tomato"
IV,Dinner,ASIAN KITCHEN,Sliced Mushrooms,,1 ounce,Mushrooms,5,0.0,0.0,0.0,0,0,0,0,0,90,0,0.1,0,0,1,0,0.0,0,"Mushroom, Vegan, Vegetarian, Avoiding Gluten, How Good Friendly"
IV,Dinner,ASIAN KITCHEN,Baby Spinach,,4 ounce,Spinach,25,3,4,0,0,0,0,2,90,630,110,3.1,0,0,32,0,0.0,0,"Vegan, Vegetarian, Avoiding Gluten, How Good Friendly"
IV,Dinner,ASIAN KITCHEN,Sliced Tofu,,1 ounce,Tofu,20,2,0.0,0,1.5,0,0,0,0,30,100,1.5,0,0,0,10,0.0,0,"Vegan, Vegetarian, Avoiding Gluten, Soy"
IV,Dinner,ASIAN KITCHEN,Shredded Cheddar Cheese,,1 ounce,Cheddar Cheese,110,6,0.0,0,9,5,30,0,190,20,200,0,0.0,5,0,80,0.0,5,"Vegetarian, Avoiding Gluten, Milk"
IV,Dinner,ASIAN KITCHEN,Diced Bacon,,4 ounce,Bacon,530,38,2,0,40,14,110,0,1910,570,10,1.1,0,20,0,360,0.0,15,"Good Source of Protein, Pork, Gluten*"
IV,Dinner,ASIAN KITCHEN,Diced Ham,,1 ounce,Ham,35,4,2,0.0,1,0,15,0,360,200,0,0.2,0,170,0,10,0,0,"Pork, Gluten*"
IV,Dinner,ASIAN KITCHEN,Pork Sausage Patty,,1 ounce,Pork Sausage,80,4,0,0,7,2.5,20,0,170,80,10,0.3,0,0.0,0,70,0.0,0,"Avoiding Gluten, Celery*, Mustard*, Pork, MSG"
IV,Dinner,UNITED KITCHEN,Scrambled Egg,Cooked to perfection.,1/2 cup,"Liquid Egg, Margarine, Salt, Black Pepper",170,14,0.0,0,12,3.5,405,0,610,150,60,1.9,0,90,0,110,15,5,"Vegetarian, Avoiding Gluten, Good Source of Protein, Soy, Egg"
IV,Dinner,UNITED KITCHEN,Tater Tots,Crispy tater puffs,1/2 cup,Tater Tot Potatoes,140,1,18,0,8,1,0,1,400,270,0,0,0,0,0.0,70,0.0,0,"How Good Friendly, Soy, Gluten*"
IV,Dinner,UNITED KITCHEN,Pork Sausage Link,,1 each,Pork Sausage,100,3,0,0,9,3,20,0,220,50,0,0.2,0,10,0,90,0.0,5,"Avoiding Gluten, Beef*, Celery*, Mustard*, Pork, Milk*"
IV,Dinner,UNITED KITCHEN,Churro French Toast Sticks,Crunchy French toast sticks with cinnamon and sugar,3 each,"French Toast, Sugar, Cinnamon",370,4,54,31,16,2.5,0,1,290,70,70,1.8,1.5,0,0,140,0,5,"Gluten, Milk, Wheat, Beef*, Soy, Egg, Pork*"
IV,Dinner,UNITED KITCHEN,Pancake and Waffle Syrup,,1 ladle-1oz,Pancake & Waffle Syrup,90,0,24,8,0,0,0,0,30,10,0,0,0.0,0,0,0,0.0,0,"Vegan, Vegetarian, Gluten"
IV,Dinner,FUSION GRILL,Cheesy Tofu Fajita Scramble," Chili flavored tofu scrambled with sauteed pepper, onions and tomatoes topped with melted cheddar cheese",1/2 cup,"Tofu, Green Bell Peppers, Tomatoes, Soy Sauce, Canola Oil, Green Onions, Cheddar Cheese, Garlic, Chili Powder (Chili Pepper, Salt, Cumin, Oregano, Silicon Dioxide, Garlic), Turmeric",120,10,4,0,8,1,0,3,230,160,150,1.9,0.0,0,7,70,0.0,0,"Garlic, Vegetarian, How Good Friendly, Gluten, Milk, Wheat, Good Source of Protein, Tomato, Onion, Soy"
IV,Dinner,FUSION GRILL,Tri-Color Quinoa Blend,"Perfectly blended white, red and black quinoa combine for a unique texture, complex flavor profile and stunning visual presentation.",1 cup,"Water, Tri-Color Quinoa, Vegetable Base, Salt",200,7,39,4,2,0,0,4,400,340,20,2.5,0,0,0,20,0,0,"Vegan, Vegetarian, Avoiding Gluten, Good Source of Protein, Onion, Celery"
IV,Dinner,FUSION GRILL,English Breakfast Baked Beans,Traditional tomato baked beans with maple and spices,1/2 cup,"Cannellini Beans (White Kidney Beans, Water, Salt, Calcium Chloride, Disodium Edta), Tomato puree (tomato puree, water, tomato paste, citric acid), Onions, Maple Syrup, Tomato paste (tomato paste, salt, citric acid), Canola Oil, Worcestershire Sauce with Anchovies, Garlic, Salt, Paprika (Paprika and Silicon Dioxide), Black Pepper, Thyme",180,8,29,7,4,0,0,6,380,560,70,2.4,0.0,0,6,35,5,0,"Garlic, Avoiding Gluten, Good Source of Protein, Mustard*, Tomato, Onion, Soy, Fish"
IV,Dinner,FUSION GRILL,Roasted Tomatoes,Oven roasted tomatoes with herbs,2 each,"Tomatoes, Canola Oil, Basil, Garlic, Salt, Black Pepper, Chives",35,1,5,3,1.5,0,0,1,190,270,10,0.4,0,0,16,15,0.0,0,"Garlic, Vegan, Vegetarian, Avoiding Gluten, How Good Friendly, Tomato"
IV,Dinner,FUSION GRILL,Meatless Vegetarian Sausage Patty,,1 each,Meatless Sausage,70,9,4,0.0,2.5,0,0,0.0,250,100,0,1.6,0,0,0,20,0,0,"Vegetarian, Gluten, Milk, Wheat, Good Source of Protein, Celery*, Mustard*, Onion, Soy, Egg, MSG*"
